{
  "id": "changi-bay",
  "name": "Changi Bay",
  "bounds": [
    [
      1.375,
      104
    ],
    [
      1.405,
      104.04
    ]
  ],
  "center": [
    1.3900000000000001,
    104.02000000000001
  ],
  "zoom": 14,
  "size": [
    2048,
    2048
  ]
}