{
  "id": "mandai",
  "name": "Mandai",
  "bounds": [
    [
      1.395,
      103.77
    ],
    [
      1.425,
      103.81
    ]
  ],
  "center": [
    1.4100000000000001,
    103.78999999999999
  ],
  "zoom": 14,
  "size": [
    2048,
    2048
  ]
}