{
  "id": "museum",
  "name": "Museum",
  "bounds": [
    [
      1.292,
      103.848
    ],
    [
      1.302,
      103.862
    ]
  ],
  "center": [
    1.2970000000000002,
    103.85499999999999
  ],
  "zoom": 16,
  "size": [
    2048,
    2048
  ]
}