{
  "planningArea": "marina-east",
  "id": "marina-east",
  "buildingCount": 16,
  "buildings": [
    {
      "footprint": [
        [
          -188.0854066058788,
          547.0034815202205
        ],
        [
          -191.0602066059397,
          542.1749815202356
        ],
        [
          -179.3053066050163,
          516.7448815202254
        ],
        [
          -176.98540660551032,
          514.225181520233
        ],
        [
          -173.2669066054342,
          512.1050815202275
        ],
        [
          -169.43740660563833,
          511.4057815202382
        ],
        [
          -165.40810660508498,
          511.5056815202226
        ],
        [
          -161.68960660500886,
          513.0152815202414
        ],
        [
          -157.96000660559173,
          514.7246815202288
        ],
        [
          -155.93980660564455,
          517.1444815202368
        ],
        [
          -149.61280660584464,
          529.12138152023
        ],
        [
          -143.28580660604473,
          540.4655815202235
        ],
        [
          -146.26060660610563,
          546.2597815202299
        ],
        [
          -153.55330660536026,
          545.5160815202394
        ],
        [
          -161.14570660575112,
          545.371781520229
        ],
        [
          -170.0035066051555,
          545.371781520229
        ],
        [
          -180.19330660592914,
          546.1931815202403
        ],
        [
          -188.0854066058788,
          547.0034815202205
        ]
      ],
      "height": 17
    },
    {
      "footprint": [
        [
          -529.7656066047978,
          684.4436815202415
        ],
        [
          -532.1965066056009,
          659.1134815202402
        ],
        [
          -526.0138066051212,
          658.5140815202353
        ],
        [
          -523.5940066052365,
          683.8553815202431
        ],
        [
          -529.7656066047978,
          684.4436815202415
        ]
      ],
      "height": 3
    },
    {
      "footprint": [
        [
          -208.7092066055476,
          552.9974815202203
        ],
        [
          -205.46800660552833,
          556.3052815202292
        ],
        [
          -193.77970660538324,
          556.3052815202292
        ],
        [
          -193.29130660598537,
          555.0287815202233
        ],
        [
          -193.2469066054665,
          544.4393815202269
        ],
        [
          -208.40950660598878,
          544.4060815202321
        ],
        [
          -208.7092066055476,
          552.9974815202203
        ]
      ],
      "height": 5
    },
    {
      "footprint": [
        [
          -267.3172066058527,
          604.8899815202276
        ],
        [
          -268.74910660602325,
          604.5791815202433
        ],
        [
          -273.7330066051129,
          627.5450815202444
        ],
        [
          -243.9517066049035,
          633.9941815202388
        ],
        [
          -238.94560660555442,
          610.9505815202416
        ],
        [
          -253.06480660492525,
          607.8869815202274
        ],
        [
          -250.80040660527914,
          597.4418815202414
        ],
        [
          -265.0306066059471,
          594.3560815202388
        ],
        [
          -267.3172066058527,
          604.8899815202276
        ]
      ],
      "height": 15
    },
    {
      "footprint": [
        [
          493.4878933939473,
          -548.35561847976
        ],
        [
          524.0128933941719,
          -511.9809184797677
        ],
        [
          551.9182933937543,
          -463.4406184797706
        ],
        [
          589.9468933949095,
          -486.1734184797588
        ],
        [
          569.2786933947218,
          -518.3079184797648
        ],
        [
          554.6155933945158,
          -542.0952184797771
        ],
        [
          544.4701933942611,
          -553.2951184797603
        ],
        [
          512.0470933947274,
          -586.8504184797579
        ],
        [
          494.1649933947616,
          -566.5263184797711
        ],
        [
          503.2558933945239,
          -558.2901184797684
        ],
        [
          493.4878933939473,
          -548.35561847976
        ]
      ],
      "height": 15
    },
    {
      "footprint": [
        [
          -477.44020660535114,
          391.5035815202286
        ],
        [
          -485.4100066054201,
          387.5075815202369
        ],
        [
          -486.54220660603187,
          363.9533815202374
        ],
        [
          -484.27780660480835,
          349.26808152024023
        ],
        [
          -479.7268066052567,
          333.36178152022035
        ],
        [
          -454.8073066050762,
          345.8714815202288
        ],
        [
          -477.44020660535114,
          391.5035815202286
        ]
      ],
      "height": 15
    },
    {
      "footprint": [
        [
          551.5408933940762,
          46.73758152022267
        ],
        [
          580.8670933944882,
          66.08488152023062
        ],
        [
          588.0265933937636,
          55.22908152022654
        ],
        [
          558.700393394929,
          35.88178152024324
        ],
        [
          551.5408933940762,
          46.73758152022267
        ]
      ],
      "height": 15
    },
    {
      "footprint": [
        [
          494.8309933946575,
          98.1416815202405
        ],
        [
          540.1633933944083,
          128.34478152022788
        ],
        [
          578.9911933938612,
          70.10308152023525
        ],
        [
          543.8041933943651,
          46.64878152024477
        ],
        [
          536.0563933937357,
          58.259381520221254
        ],
        [
          528.341893394284,
          53.120081520227515
        ],
        [
          506.47489339428375,
          85.90948152022149
        ],
        [
          504.055093394399,
          84.29998152024298
        ],
        [
          494.8309933946575,
          98.1416815202405
        ]
      ],
      "height": 15
    },
    {
      "footprint": [
        [
          -455.6731066057296,
          523.1273815202302
        ],
        [
          -442.86370660589114,
          526.3907815202377
        ],
        [
          -418.45480660536793,
          430.98628152023633
        ],
        [
          -431.25310660586536,
          427.71178152022225
        ],
        [
          -455.6731066057296,
          523.1273815202302
        ]
      ],
      "height": 4
    },
    {
      "footprint": [
        [
          -143.71870660558272,
          530.8973815202318
        ],
        [
          -137.05870660504615,
          541.2758815202283
        ],
        [
          -99.174406606366,
          517.0001815202265
        ],
        [
          -105.84550660624359,
          506.61058152022355
        ],
        [
          -143.71870660558272,
          530.8973815202318
        ]
      ],